{
    "COL": {
        "isHome": true,
        "teamSaves_last": 22,
        "opponentSaves_last": 28,
        "teamSaves_rolling": 21.583934512024868,
        "opponentSaves_rolling": 28.391059564493503,
        "teamSaves_rolling_3": 20.89950766939244,
        "opponentSaves_rolling_3": 28.568941899321096,
        "teamSaves_rolling_10": 22.427595376404902,
        "opponentSaves_rolling_10": 27.796788842124254,
        "teamSaves_rolling_15": 22.805170229608517,
        "opponentSaves_rolling_15": 27.3790677758324,
        "opponentTeamSaves_last": 29,
        "opponentOpponentSaves_last": 31,
        "opponentTeamSaves_rolling": 28.294764330839527,
        "opponentOpponentSaves_rolling": 25.80885886052688,
        "opponentTeamSaves_rolling_3": 28.184159798507565,
        "opponentOpponentSaves_rolling_3": 27.709205505947565,
        "opponentTeamSaves_rolling_10": 27.5100153574425,
        "opponentOpponentSaves_rolling_10": 24.718150822528024,
        "opponentTeamSaves_rolling_15": 26.67335009994755,
        "opponentOpponentSaves_rolling_15": 24.676122816403073,
        "backToBack": false
    },
    "NJD": {
        "isHome": false,
        "teamSaves_last": 29,
        "opponentSaves_last": 31,
        "teamSaves_rolling": 28.294764330839527,
        "opponentSaves_rolling": 25.80885886052688,
        "teamSaves_rolling_3": 28.184159798507565,
        "opponentSaves_rolling_3": 27.709205505947565,
        "teamSaves_rolling_10": 27.5100153574425,
        "opponentSaves_rolling_10": 24.718150822528024,
        "teamSaves_rolling_15": 26.67335009994755,
        "opponentSaves_rolling_15": 24.676122816403073,
        "opponentTeamSaves_last": 22,
        "opponentOpponentSaves_last": 28,
        "opponentTeamSaves_rolling": 21.583934512024868,
        "opponentOpponentSaves_rolling": 28.391059564493503,
        "opponentTeamSaves_rolling_3": 20.89950766939244,
        "opponentOpponentSaves_rolling_3": 28.568941899321096,
        "opponentTeamSaves_rolling_10": 22.427595376404902,
        "opponentOpponentSaves_rolling_10": 27.796788842124254,
        "opponentTeamSaves_rolling_15": 22.805170229608517,
        "opponentOpponentSaves_rolling_15": 27.3790677758324,
        "backToBack": false
    }
}