{
    "COL": {
        "isHome": true,
        "teamSaves_last": 22,
        "opponentSaves_last": 31,
        "teamSaves_rolling": 21.72262300870501,
        "opponentSaves_rolling": 29.260706373162225,
        "teamSaves_rolling_3": 21.44975383469622,
        "opponentSaves_rolling_3": 29.784470949660548,
        "teamSaves_rolling_10": 22.34991661317795,
        "opponentSaves_rolling_10": 28.37888795777064,
        "teamSaves_rolling_15": 22.70735157044377,
        "opponentSaves_rolling_15": 27.818677253986284,
        "opponentTeamSaves_last": 13,
        "opponentOpponentSaves_last": 22,
        "opponentTeamSaves_rolling": 24.96149921278063,
        "opponentOpponentSaves_rolling": 26.53097944387336,
        "opponentTeamSaves_rolling_3": 21.639562955830037,
        "opponentOpponentSaves_rolling_3": 26.35761329372438,
        "opponentTeamSaves_rolling_10": 27.298151510171763,
        "opponentOpponentSaves_rolling_10": 25.82227923645643,
        "opponentTeamSaves_rolling_15": 27.789847203891878,
        "opponentOpponentSaves_rolling_15": 25.365224257466213,
        "backToBack": false
    },
    "MIN": {
        "isHome": false,
        "teamSaves_last": 13,
        "opponentSaves_last": 22,
        "teamSaves_rolling": 24.96149921278063,
        "opponentSaves_rolling": 26.53097944387336,
        "teamSaves_rolling_3": 21.639562955830037,
        "opponentSaves_rolling_3": 26.35761329372438,
        "teamSaves_rolling_10": 27.298151510171763,
        "opponentSaves_rolling_10": 25.82227923645643,
        "teamSaves_rolling_15": 27.789847203891878,
        "opponentSaves_rolling_15": 25.365224257466213,
        "opponentTeamSaves_last": 22,
        "opponentOpponentSaves_last": 31,
        "opponentTeamSaves_rolling": 21.72262300870501,
        "opponentOpponentSaves_rolling": 29.260706373162225,
        "opponentTeamSaves_rolling_3": 21.44975383469622,
        "opponentOpponentSaves_rolling_3": 29.784470949660548,
        "opponentTeamSaves_rolling_10": 22.34991661317795,
        "opponentOpponentSaves_rolling_10": 28.37888795777064,
        "opponentTeamSaves_rolling_15": 22.70735157044377,
        "opponentOpponentSaves_rolling_15": 27.818677253986284,
        "backToBack": false
    }
}