{
    "DAL": {
        "isHome": true,
        "teamSaves_last": 23,
        "opponentSaves_last": 18,
        "teamSaves_rolling": 27.79683953128344,
        "opponentSaves_rolling": 22.313665819193375,
        "teamSaves_rolling_3": 27.22629983088769,
        "opponentSaves_rolling_3": 21.23824841131883,
        "teamSaves_rolling_10": 27.52765896575624,
        "opponentSaves_rolling_10": 23.17037741627993,
        "teamSaves_rolling_15": 27.00494530582809,
        "opponentSaves_rolling_15": 23.67438971550239,
        "opponentTeamSaves_last": 14,
        "opponentOpponentSaves_last": 24,
        "opponentTeamSaves_rolling": 20.42802057794504,
        "opponentOpponentSaves_rolling": 24.34612825589947,
        "opponentTeamSaves_rolling_3": 18.467055089392588,
        "opponentOpponentSaves_rolling_3": 22.779535950808857,
        "opponentTeamSaves_rolling_10": 22.423548904399134,
        "opponentOpponentSaves_rolling_10": 25.79938788639267,
        "opponentTeamSaves_rolling_15": 23.059042551547314,
        "opponentOpponentSaves_rolling_15": 25.928332877898317,
        "backToBack": false
    },
    "LAK": {
        "isHome": false,
        "teamSaves_last": 14,
        "opponentSaves_last": 24,
        "teamSaves_rolling": 20.42802057794504,
        "opponentSaves_rolling": 24.34612825589947,
        "teamSaves_rolling_3": 18.467055089392588,
        "opponentSaves_rolling_3": 22.779535950808857,
        "teamSaves_rolling_10": 22.423548904399134,
        "opponentSaves_rolling_10": 25.79938788639267,
        "teamSaves_rolling_15": 23.059042551547314,
        "opponentSaves_rolling_15": 25.928332877898317,
        "opponentTeamSaves_last": 23,
        "opponentOpponentSaves_last": 18,
        "opponentTeamSaves_rolling": 27.79683953128344,
        "opponentOpponentSaves_rolling": 22.313665819193375,
        "opponentTeamSaves_rolling_3": 27.22629983088769,
        "opponentOpponentSaves_rolling_3": 21.23824841131883,
        "opponentTeamSaves_rolling_10": 27.52765896575624,
        "opponentOpponentSaves_rolling_10": 23.17037741627993,
        "opponentTeamSaves_rolling_15": 27.00494530582809,
        "opponentOpponentSaves_rolling_15": 23.67438971550239,
        "backToBack": false
    }
}