{
    "LAK": {
        "isHome": true,
        "teamSaves_last": 21,
        "opponentSaves_last": 14,
        "teamSaves_rolling": 23.642030873190873,
        "opponentSaves_rolling": 24.51919237966699,
        "teamSaves_rolling_3": 22.934110178785183,
        "opponentSaves_rolling_3": 21.55907190161771,
        "teamSaves_rolling_10": 24.295664183269807,
        "opponentSaves_rolling_10": 26.19910817958824,
        "teamSaves_rolling_15": 24.35980697652646,
        "opponentSaves_rolling_15": 26.199398677283153,
        "opponentTeamSaves_last": 30,
        "opponentOpponentSaves_last": 14,
        "opponentTeamSaves_rolling": 28.577057271688656,
        "opponentOpponentSaves_rolling": 22.60477654482608,
        "opponentTeamSaves_rolling_3": 29.76153408905803,
        "opponentOpponentSaves_rolling_3": 21.1391821378605,
        "opponentTeamSaves_rolling_10": 26.51162166148859,
        "opponentOpponentSaves_rolling_10": 23.379285634826584,
        "opponentTeamSaves_rolling_15": 25.432025231724143,
        "opponentOpponentSaves_rolling_15": 23.33196598225683,
        "backToBack": false
    },
    "VAN": {
        "isHome": false,
        "teamSaves_last": 30,
        "opponentSaves_last": 14,
        "teamSaves_rolling": 28.577057271688656,
        "opponentSaves_rolling": 22.60477654482608,
        "teamSaves_rolling_3": 29.76153408905803,
        "opponentSaves_rolling_3": 21.1391821378605,
        "teamSaves_rolling_10": 26.51162166148859,
        "opponentSaves_rolling_10": 23.379285634826584,
        "teamSaves_rolling_15": 25.432025231724143,
        "opponentSaves_rolling_15": 23.33196598225683,
        "opponentTeamSaves_last": 21,
        "opponentOpponentSaves_last": 14,
        "opponentTeamSaves_rolling": 23.642030873190873,
        "opponentOpponentSaves_rolling": 24.51919237966699,
        "opponentTeamSaves_rolling_3": 22.934110178785183,
        "opponentOpponentSaves_rolling_3": 21.55907190161771,
        "opponentTeamSaves_rolling_10": 24.295664183269807,
        "opponentOpponentSaves_rolling_10": 26.19910817958824,
        "opponentTeamSaves_rolling_15": 24.35980697652646,
        "opponentOpponentSaves_rolling_15": 26.199398677283153,
        "backToBack": false
    }
}