{
    "NYR": {
        "isHome": true,
        "teamSaves_last": 36,
        "opponentSaves_last": 13,
        "teamSaves_rolling": 30.335040450591702,
        "opponentSaves_rolling": 18.632487482180665,
        "teamSaves_rolling_3": 32.88070782994204,
        "opponentSaves_rolling_3": 16.109932432341452,
        "teamSaves_rolling_10": 27.698132726488254,
        "opponentSaves_rolling_10": 21.399266979468663,
        "teamSaves_rolling_15": 26.886836993753136,
        "opponentSaves_rolling_15": 22.659968464404283,
        "opponentTeamSaves_last": 32,
        "opponentOpponentSaves_last": 24,
        "opponentTeamSaves_rolling": 28.39841942711596,
        "opponentOpponentSaves_rolling": 24.109273559808788,
        "opponentTeamSaves_rolling_3": 29.25264904372675,
        "opponentOpponentSaves_rolling_3": 23.82612223843472,
        "opponentTeamSaves_rolling_10": 27.341005743467612,
        "opponentOpponentSaves_rolling_10": 24.819688128514464,
        "opponentTeamSaves_rolling_15": 26.87598628423835,
        "opponentOpponentSaves_rolling_15": 25.073986742327047,
        "backToBack": false
    },
    "TOR": {
        "isHome": false,
        "teamSaves_last": 32,
        "opponentSaves_last": 24,
        "teamSaves_rolling": 28.39841942711596,
        "opponentSaves_rolling": 24.109273559808788,
        "teamSaves_rolling_3": 29.25264904372675,
        "opponentSaves_rolling_3": 23.82612223843472,
        "teamSaves_rolling_10": 27.341005743467612,
        "opponentSaves_rolling_10": 24.819688128514464,
        "teamSaves_rolling_15": 26.87598628423835,
        "opponentSaves_rolling_15": 25.073986742327047,
        "opponentTeamSaves_last": 36,
        "opponentOpponentSaves_last": 13,
        "opponentTeamSaves_rolling": 30.335040450591702,
        "opponentOpponentSaves_rolling": 18.632487482180665,
        "opponentTeamSaves_rolling_3": 32.88070782994204,
        "opponentOpponentSaves_rolling_3": 16.109932432341452,
        "opponentTeamSaves_rolling_10": 27.698132726488254,
        "opponentOpponentSaves_rolling_10": 21.399266979468663,
        "opponentTeamSaves_rolling_15": 26.886836993753136,
        "opponentOpponentSaves_rolling_15": 22.659968464404283,
        "backToBack": false
    }
}