{
    "OTT": {
        "isHome": true,
        "teamSaves_last": 20,
        "opponentSaves_last": 25,
        "teamSaves_rolling": 28.343365794001294,
        "opponentSaves_rolling": 27.089933629115606,
        "teamSaves_rolling_3": 27.63301474453801,
        "opponentSaves_rolling_3": 26.130274488514086,
        "teamSaves_rolling_10": 27.89146926140994,
        "opponentSaves_rolling_10": 27.607328959175597,
        "teamSaves_rolling_15": 27.296327773352694,
        "opponentSaves_rolling_15": 27.4016913916082,
        "opponentTeamSaves_last": 17,
        "opponentOpponentSaves_last": 33,
        "opponentTeamSaves_rolling": 22.625183299314372,
        "opponentOpponentSaves_rolling": 27.25130514773999,
        "opponentTeamSaves_rolling_3": 21.093969447590254,
        "opponentOpponentSaves_rolling_3": 28.775791785838578,
        "opponentTeamSaves_rolling_10": 23.33314447986998,
        "opponentOpponentSaves_rolling_10": 25.940811766002447,
        "opponentTeamSaves_rolling_15": 23.49793600653366,
        "opponentOpponentSaves_rolling_15": 25.478085812770225,
        "backToBack": false
    },
    "WPG": {
        "isHome": false,
        "teamSaves_last": 17,
        "opponentSaves_last": 33,
        "teamSaves_rolling": 22.625183299314372,
        "opponentSaves_rolling": 27.25130514773999,
        "teamSaves_rolling_3": 21.093969447590254,
        "opponentSaves_rolling_3": 28.775791785838578,
        "teamSaves_rolling_10": 23.33314447986998,
        "opponentSaves_rolling_10": 25.940811766002447,
        "teamSaves_rolling_15": 23.49793600653366,
        "opponentSaves_rolling_15": 25.478085812770225,
        "opponentTeamSaves_last": 20,
        "opponentOpponentSaves_last": 25,
        "opponentTeamSaves_rolling": 28.343365794001294,
        "opponentOpponentSaves_rolling": 27.089933629115606,
        "opponentTeamSaves_rolling_3": 27.63301474453801,
        "opponentOpponentSaves_rolling_3": 26.130274488514086,
        "opponentTeamSaves_rolling_10": 27.89146926140994,
        "opponentOpponentSaves_rolling_10": 27.607328959175597,
        "opponentTeamSaves_rolling_15": 27.296327773352694,
        "opponentOpponentSaves_rolling_15": 27.4016913916082,
        "backToBack": false
    }
}