{
    "OTT": {
        "isHome": true,
        "teamSaves_last": 36,
        "opponentSaves_last": 24,
        "teamSaves_rolling": 30.895577198169416,
        "opponentSaves_rolling": 26.059955754912295,
        "teamSaves_rolling_3": 31.816507372269005,
        "opponentSaves_rolling_3": 25.065137244257045,
        "teamSaves_rolling_10": 29.36588529483358,
        "opponentSaves_rolling_10": 26.951588683914572,
        "teamSaves_rolling_15": 28.389457305978592,
        "opponentSaves_rolling_15": 26.981650471952157,
        "opponentTeamSaves_last": 24,
        "opponentOpponentSaves_last": 36,
        "opponentTeamSaves_rolling": 23.083455528745674,
        "opponentOpponentSaves_rolling": 30.16753676454041,
        "opponentTeamSaves_rolling_3": 22.546984723795127,
        "opponentOpponentSaves_rolling_3": 32.38789589291929,
        "opponentTeamSaves_rolling_10": 23.454069001491742,
        "opponentOpponentSaves_rolling_10": 27.769706790787176,
        "opponentTeamSaves_rolling_15": 23.547767744979495,
        "opponentOpponentSaves_rolling_15": 26.791386147063328,
        "backToBack": true
    },
    "WPG": {
        "isHome": false,
        "teamSaves_last": 24,
        "opponentSaves_last": 36,
        "teamSaves_rolling": 23.083455528745674,
        "opponentSaves_rolling": 30.16753676454041,
        "teamSaves_rolling_3": 22.546984723795127,
        "opponentSaves_rolling_3": 32.38789589291929,
        "teamSaves_rolling_10": 23.454069001491742,
        "opponentSaves_rolling_10": 27.769706790787176,
        "teamSaves_rolling_15": 23.547767744979495,
        "opponentSaves_rolling_15": 26.791386147063328,
        "opponentTeamSaves_last": 36,
        "opponentOpponentSaves_last": 24,
        "opponentTeamSaves_rolling": 30.895577198169416,
        "opponentOpponentSaves_rolling": 26.059955754912295,
        "opponentTeamSaves_rolling_3": 31.816507372269005,
        "opponentOpponentSaves_rolling_3": 25.065137244257045,
        "opponentTeamSaves_rolling_10": 29.36588529483358,
        "opponentOpponentSaves_rolling_10": 26.951588683914572,
        "opponentTeamSaves_rolling_15": 28.389457305978592,
        "opponentOpponentSaves_rolling_15": 26.981650471952157,
        "backToBack": true
    }
}