{
    "OTT": {
        "isHome": true,
        "teamSaves_last": 20,
        "opponentSaves_last": 25,
        "teamSaves_rolling": 28.343365797254123,
        "opponentSaves_rolling": 27.08993363236844,
        "teamSaves_rolling_3": 27.63301474453801,
        "opponentSaves_rolling_3": 26.130274488514086,
        "teamSaves_rolling_10": 27.891637582574376,
        "opponentSaves_rolling_10": 27.607497280340034,
        "teamSaves_rolling_15": 27.30223692111839,
        "opponentSaves_rolling_15": 27.407600539373895,
        "opponentTeamSaves_last": 17,
        "opponentOpponentSaves_last": 33,
        "opponentTeamSaves_rolling": 22.62518329311851,
        "opponentOpponentSaves_rolling": 27.251305146810612,
        "opponentTeamSaves_rolling_3": 21.093969447590254,
        "opponentOpponentSaves_rolling_3": 28.775791785838578,
        "opponentTeamSaves_rolling_10": 23.332751001823244,
        "opponentOpponentSaves_rolling_10": 25.940752744295438,
        "opponentTeamSaves_rolling_15": 23.483163137119423,
        "opponentOpponentSaves_rolling_15": 25.47586988235809,
        "backToBack": false
    },
    "WPG": {
        "isHome": false,
        "teamSaves_last": 17,
        "opponentSaves_last": 33,
        "teamSaves_rolling": 22.62518329311851,
        "opponentSaves_rolling": 27.251305146810612,
        "teamSaves_rolling_3": 21.093969447590254,
        "opponentSaves_rolling_3": 28.775791785838578,
        "teamSaves_rolling_10": 23.332751001823244,
        "opponentSaves_rolling_10": 25.940752744295438,
        "teamSaves_rolling_15": 23.483163137119423,
        "opponentSaves_rolling_15": 25.47586988235809,
        "opponentTeamSaves_last": 20,
        "opponentOpponentSaves_last": 25,
        "opponentTeamSaves_rolling": 28.343365797254123,
        "opponentOpponentSaves_rolling": 27.08993363236844,
        "opponentTeamSaves_rolling_3": 27.63301474453801,
        "opponentOpponentSaves_rolling_3": 26.130274488514086,
        "opponentTeamSaves_rolling_10": 27.891637582574376,
        "opponentOpponentSaves_rolling_10": 27.607497280340034,
        "opponentTeamSaves_rolling_15": 27.30223692111839,
        "opponentOpponentSaves_rolling_15": 27.407600539373895,
        "backToBack": false
    }
}